{
  "total_tickets": 5,
  "tickets_with_issues": 5,
  "average_completeness": 0.6,
  "total_pii_redacted": 30,
  "detailed_results": [
    {
      "ticket_id": "SR-2024-001",
      "completeness_score": 0.6,
      "has_missing_info": true,
      "missing_items": [
        {
          "field": "service_req_description",
          "severity": "CRITICAL",
          "issue": "Description is too vague or empty",
          "suggestion": "Provide detailed problem description with steps to reproduce",
          "impact": "Cannot proceed with resolution without understanding the issue"
        }
      ],
      "summary": "Ticket needs more details for efficient resolution",
      "pii_found": 12
    },
    {
      "ticket_id": "SR-2024-002",
      "completeness_score": 0.6,
      "has_missing_info": true,
      "missing_items": [
        {
          "field": "service_req_description",
          "severity": "CRITICAL",
          "issue": "Description is too vague or empty",
          "suggestion": "Provide detailed problem description with steps to reproduce",
          "impact": "Cannot proceed with resolution without understanding the issue"
        }
      ],
      "summary": "Ticket needs more details for efficient resolution",
      "pii_found": 0
    },
    {
      "ticket_id": "SR-2024-003",
      "completeness_score": 0.6,
      "has_missing_info": true,
      "missing_items": [
        {
          "field": "service_req_description",
          "severity": "CRITICAL",
          "issue": "Description is too vague or empty",
          "suggestion": "Provide detailed problem description with steps to reproduce",
          "impact": "Cannot proceed with resolution without understanding the issue"
        }
      ],
      "summary": "Ticket needs more details for efficient resolution",
      "pii_found": 15
    },
    {
      "ticket_id": "SR-2024-004",
      "completeness_score": 0.6,
      "has_missing_info": true,
      "missing_items": [
        {
          "field": "service_req_description",
          "severity": "CRITICAL",
          "issue": "Description is too vague or empty",
          "suggestion": "Provide detailed problem description with steps to reproduce",
          "impact": "Cannot proceed with resolution without understanding the issue"
        }
      ],
      "summary": "Ticket needs more details for efficient resolution",
      "pii_found": 1
    },
    {
      "ticket_id": "SR-2024-005",
      "completeness_score": 0.6,
      "has_missing_info": true,
      "missing_items": [
        {
          "field": "service_req_description",
          "severity": "CRITICAL",
          "issue": "Description is too vague or empty",
          "suggestion": "Provide detailed problem description with steps to reproduce",
          "impact": "Cannot proceed with resolution without understanding the issue"
        }
      ],
      "summary": "Ticket needs more details for efficient resolution",
      "pii_found": 2
    }
  ]
}